KODE_KAB,KABUPATEN,JENJANG_PENDIDIKAN,PCT_BERAT
1217,"Kab. Samosir, Sumatera Utara",Jenjang Pendidikan SMK,0
7314,"Kab. Sidenreng Rappang, Sulawesi Selatan",Jenjang Pendidikan SMK,0
8105,"Kab. Kepulauan Aru, Maluku",Jenjang Pendidikan SMK,0
6402,"Kab. Kutai Barat, Kalimantan Timur",Jenjang Pendidikan SMK,0
1203,"Kab. Tapanuli Selatan, Sumatera Utara",Jenjang Pendidikan SMK,0
1174,"Kota Lhokseumawe, Aceh",Jenjang Pendidikan SMK,0
9411,"Kab. Puncak Jaya, Papua",Jenjang Pendidikan SMK,0
3579,"Kota Batu, Jawa Timur",Jenjang Pendidikan SMK,0
1311,"Kab. Dharmasraya, Sumatera Barat",Jenjang Pendidikan SMK,0
7412,"Kab. Konawe Kepulauan, Sulawesi Tenggara",Jenjang Pendidikan SMK,0
9112,"Kab. Pegunungan Arfak, Papua Barat",Jenjang Pendidikan SMK,0
6471,"Kota Balikpapan, Kalimantan Timur",Jenjang Pendidikan SMK,0
9412,"Kab. Mimika, Papua",Jenjang Pendidikan SMK,0
7410,"Kab. Konawe Utara, Sulawesi Tenggara",Jenjang Pendidikan SMK,0
5101,"Kab. Jembrana, Bali",Jenjang Pendidikan SMK,0
9416,"Kab. Yahukimo, Papua",Jenjang Pendidikan SMK,0
7310,"Kab. Barru, Sulawesi Selatan",Jenjang Pendidikan SMK,0
1704,"Kab. Kaur, Bengkulu",Jenjang Pendidikan SMK,0
6204,"Kab. Barito Selatan, Kalimantan Tengah",Jenjang Pendidikan SMK,0
1674,"Kota Lubuk Linggau, Sumatera Selatan",Jenjang Pendidikan SMK,0
9111,"Kab. Manokwari Selatan, Papua Barat",Jenjang Pendidikan SMK,0
6111,"Kab. Kayong Utara, Kalimantan Barat",Jenjang Pendidikan SMK,0
1305,"Kab. Tanah Datar, Sumatera Barat",Jenjang Pendidikan SMK,0
9402,"Kab. Jaya Wijaya, Papua",Jenjang Pendidikan SMK,0
2172,"Kota Tanjungpinang, Kepulauan Riau",Jenjang Pendidikan SMK,0
1115,"Kab. Nagan Raya, Aceh",Jenjang Pendidikan SMK,0
1906,"Kab. Belitung Timur, Bangka Belitung",Jenjang Pendidikan SMK,0
9104,"Kab. Teluk Bintuni, Papua Barat",Jenjang Pendidikan SMK,0
6104,"Kab. Mempawah, Kalimantan Barat",Jenjang Pendidikan SMK,0
8203,"Kab. Kepulauan Sula, Maluku Utara",Jenjang Pendidikan SMK,0
1376,"Kota Payakumbuh, Sumatera Barat",Jenjang Pendidikan SMK,0
1813,"Kab. Pesisir Barat, Lampung",Jenjang Pendidikan SMK,0
1109,"Kab. Pidie, Aceh",Jenjang Pendidikan SMK,0
6311,"Kab. Balangan, Kalimantan Selatan",Jenjang Pendidikan SMK,0
5201,"Kab. Lombok Barat, Nusa Tenggara Barat",Jenjang Pendidikan SMK,0
1603,"Kab. Muara Enim, Sumatera Selatan",Jenjang Pendidikan SMK,0
9427,"Kab. Supiori, Papua",Jenjang Pendidikan SMK,0
7605,"Kab. Mamuju Utara, Sulawesi Barat",Jenjang Pendidikan SMK,0
6307,"Kab. Hulu Sungai Tengah, Kalimantan Selatan",Jenjang Pendidikan SMK,0
1701,"Kab. Bengkulu Selatan, Bengkulu",Jenjang Pendidikan SMK,0
1601,"Kab. Ogan Komering Ulu, Sumatera Selatan",Jenjang Pendidikan SMK,0
7505,"Kab. Gorontalo Utara, Gorontalo",Jenjang Pendidikan SMK,0
9403,"Kota Jayapura, Papua",Jenjang Pendidikan SMK,0
5105,"Kab. Klungkung, Bali",Jenjang Pendidikan SMK,0
1304,"Kab. Sijunjung, Sumatera Barat",Jenjang Pendidikan SMK,0
6206,"Kab. Sukamara, Kalimantan Tengah",Jenjang Pendidikan SMK,0
1612,"Kab. Penukal Abab Lematang Ilir, Sumatera Selatan",Jenjang Pendidikan SMK,0
6205,"Kab. Barito Utara, Kalimantan Tengah",Jenjang Pendidikan SMK,0
2102,"Kab. Bintan, Kepulauan Riau",Jenjang Pendidikan SMK,0
1116,"Kab. Aceh Jaya, Aceh",Jenjang Pendidikan SMK,0
1905,"Kab. Bangka Selatan, Bangka Belitung",Jenjang Pendidikan SMK,0
9108,"Kab. Raja Ampat, Papua Barat",Jenjang Pendidikan SMK,0
8206,"Kab. Halmahera Timur, Maluku Utara",Jenjang Pendidikan SMK,0
1371,"Kota Padang, Sumatera Barat",Jenjang Pendidikan SMK,0
6207,"Kab. Lamandau, Kalimantan Tengah",Jenjang Pendidikan SMK,0
1117,"Kab. Bener Meriah, Aceh",Jenjang Pendidikan SMK,0
1221,"Kab. Padang Lawas, Sumatera Utara",Jenjang Pendidikan SMK,0
6109,"Kab. Sekadau, Kalimantan Barat",Jenjang Pendidikan SMK,0
8272,"Kota Tidore Kepulauan, Maluku Utara",Jenjang Pendidikan SMK,0
1372,"Kota Solok, Sumatera Barat",Jenjang Pendidikan SMK,0
5316,"Kab. Sumba Tengah, Nusa Tenggara Timur",Jenjang Pendidikan SMK,0
7406,"Kab. Bombana, Sulawesi Tenggara",Jenjang Pendidikan SMK,0
1307,"Kab. Agam, Sumatera Barat",Jenjang Pendidikan SMK,0
7408,"Kab. Kolaka Utara, Sulawesi Tenggara",Jenjang Pendidikan SMK,0
1272,"Kota Tanjung Balai, Sumatera Utara",Jenjang Pendidikan SMK,0
3317,"Kab. Rembang, Jawa Tengah",Jenjang Pendidikan SMK,0
6306,"Kab. Hulu Sungai Selatan, Kalimantan Selatan",Jenjang Pendidikan SMK,0
6409,"Kab. Penajam Paser Utara, Kalimantan Timur",Jenjang Pendidikan SMK,0
9408,"Kab. Kepulauan Yapen, Papua",Jenjang Pendidikan SMK,0
5104,"Kab. Gianyar, Bali",Jenjang Pendidikan SMK,0
9426,"Kab. Waropen, Papua",Jenjang Pendidikan SMK,0
7303,"Kab. Bantaeng, Sulawesi Selatan",Jenjang Pendidikan SMK,0
1309,"Kab. Pasaman, Sumatera Barat",Jenjang Pendidikan SMK,0
6302,"Kab. Kota Baru, Kalimantan Selatan",Jenjang Pendidikan SMK,0
3323,"Kab. Temanggung, Jawa Tengah",Jenjang Pendidikan SMK,0
7372,"Kota Parepare, Sulawesi Selatan",Jenjang Pendidikan SMK,0
7472,"Kota Baubau, Sulawesi Tenggara",Jenjang Pendidikan SMK,0
5171,"Kota Denpasar, Bali",Jenjang Pendidikan SMK,0
9105,"Kab. Manokwari, Papua Barat",Jenjang Pendidikan SMK,0
6108,"Kab. Kapuas Hulu, Kalimantan Barat",Jenjang Pendidikan SMK,0
1310,"Kab. Solok Selatan, Sumatera Barat",Jenjang Pendidikan SMK,0
2105,"Kab. Kepulauan Anambas, Kepulauan Riau",Jenjang Pendidikan SMK,0
1702,"Kab. Rejang Lebong, Bengkulu",Jenjang Pendidikan SMK,0
3373,"Kota Salatiga, Jawa Tengah",Jenjang Pendidikan SMK,0
6203,"Kab. Kapuas, Kalimantan Tengah",Jenjang Pendidikan SMK,0
7102,"Kab. Minahasa, Sulawesi Utara",Jenjang Pendidikan SMK,0
1102,"Kab. Aceh Singkil, Aceh",Jenjang Pendidikan SMK,0
1902,"Kab. Belitung, Bangka Belitung",Jenjang Pendidikan SMK,0
9109,"Kab. Tambrauw, Papua Barat",Jenjang Pendidikan SMK,0
1377,"Kota Pariaman, Sumatera Barat",Jenjang Pendidikan SMK,0
1113,"Kab. Gayo Lues, Aceh",Jenjang Pendidikan SMK,0
1473,"Kota Dumai, Riau",Jenjang Pendidikan SMK,0
6172,"Kota Singkawang, Kalimantan Barat",Jenjang Pendidikan SMK,0
5205,"Kab. Dompu, Nusa Tenggara Barat",Jenjang Pendidikan SMK,0
5103,"Kab. Badung, Bali",Jenjang Pendidikan SMK,0
9419,"Kab. Sarmi, Papua",Jenjang Pendidikan SMK,0
1301,"Kab. Kepulauan Mentawai, Sumatera Barat",Jenjang Pendidikan SMK,0
7110,"Kab. Bolaang Mongondow Selatan, Sulawesi Utara",Jenjang Pendidikan SMK,0
9429,"Kab. Nduga, Papua",Jenjang Pendidikan SMK,0
1602,"Kab. Ogan Komering Ilir, Sumatera Selatan",Jenjang Pendidikan SMK,0
6474,"Kota Bontang, Kalimantan Timur",Jenjang Pendidikan SMK,0
5107,"Kab. Karang Asem, Bali",Jenjang Pendidikan SMK,0
9432,"Kab. Yalimo, Papua",Jenjang Pendidikan SMK,0
6201,"Kab. Kotawaringin Barat, Kalimantan Tengah",Jenjang Pendidikan SMK,0
1708,"Kab. Kepahiang, Bengkulu",Jenjang Pendidikan SMK,0
1613,"Kab. Musi Rawas Utara, Sumatera Selatan",Jenjang Pendidikan SMK,0
6212,"Kab. Barito Timur, Kalimantan Tengah",Jenjang Pendidikan SMK,0
9415,"Kab. Asmat, Papua",Jenjang Pendidikan SMK,0
7101,"Kab. Bolaang Mongondow, Sulawesi Utara",Jenjang Pendidikan SMK,0
9110,"Kab. Maybrat, Papua Barat",Jenjang Pendidikan SMK,0
2103,"Kab. Natuna, Kepulauan Riau",Jenjang Pendidikan SMK,0
1771,"Kota Bengkulu, Bengkulu",Jenjang Pendidikan SMK,0
9420,"Kab. Keerom, Papua",Jenjang Pendidikan SMK,0
1971,"Kota Pangkalpinang, Bangka Belitung",Jenjang Pendidikan SMK,0
6101,"Kab. Sambas, Kalimantan Barat",Jenjang Pendidikan SMK,0
8271,"Kota Ternate, Maluku Utara",Jenjang Pendidikan SMK,0
1373,"Kota Sawah Lunto, Sumatera Barat",Jenjang Pendidikan SMK,0
6271,"Kota Palangka Raya, Kalimantan Tengah",Jenjang Pendidikan SMK,0
1216,"Kab. Pakpak Bharat, Sumatera Utara",Jenjang Pendidikan SMK,0
9417,"Kab. Pegunungan Bintang, Papua",Jenjang Pendidikan SMK,0
3523,"Kab. Tuban, Jawa Timur",Jenjang Pendidikan SMK,0
1271,"Kota Sibolga, Sumatera Utara",Jenjang Pendidikan SMK,0
6304,"Kab. Barito Kuala, Kalimantan Selatan",Jenjang Pendidikan SMK,0
7305,"Kab. Takalar, Sulawesi Selatan",Jenjang Pendidikan SMK,0
1606,"Kab. Musi Banyuasin, Sumatera Selatan",Jenjang Pendidikan SMK,0
8172,"Kota Tual, Maluku",Jenjang Pendidikan SMK,0
5108,"Kab. Buleleng, Bali",Jenjang Pendidikan SMK,0
9418,"Kab. Tolikara, Papua",Jenjang Pendidikan SMK,0
6308,"Kab. Hulu Sungai Utara, Kalimantan Selatan",Jenjang Pendidikan SMK,0
1709,"Kab. Bengkulu Tengah, Bengkulu",Jenjang Pendidikan SMK,0
6372,"Kota Banjarbaru, Kalimantan Selatan",Jenjang Pendidikan SMK,0
5272,"Kota Bima, Nusa Tenggara Barat",Jenjang Pendidikan SMK,0
5320,"Kab. Sabu Raijua, Nusa Tenggara Timur",Jenjang Pendidikan SMK,0
6502,"Kab. Bulungan, Kalimantan Utara",Jenjang Pendidikan SMK,0
9107,"Kab. Sorong, Papua Barat",Jenjang Pendidikan SMK,0
7407,"Kab. Wakatobi, Sulawesi Tenggara",Jenjang Pendidikan SMK,0
5102,"Kab. Tabanan, Bali",Jenjang Pendidikan SMK,0
9102,"Kab. Kaimana, Papua Barat",Jenjang Pendidikan SMK,0
8171,"Kota Ambon, Maluku",Jenjang Pendidikan SMK,0
7316,"Kab. Enrekang, Sulawesi Selatan",Jenjang Pendidikan SMK,0
1303,"Kab. Solok, Sumatera Barat",Jenjang Pendidikan SMK,0
6411,"Kab. Mahakam Ulu, Kalimantan Timur",Jenjang Pendidikan SMK,0
1706,"Kab. Muko-muko, Bengkulu",Jenjang Pendidikan SMK,0
1210,"Kab. Dairi, Sumatera Utara",Jenjang Pendidikan SMK,0
6211,"Kab. Gunung Mas, Kalimantan Tengah",Jenjang Pendidikan SMK,0
7205,"Kab. Donggala, Sulawesi Tengah",Jenjang Pendidikan SMK,0
2101,"Kab. Karimun, Kepulauan Riau",Jenjang Pendidikan SMK,0
1103,"Kab. Aceh Selatan, Aceh",Jenjang Pendidikan SMK,0
1904,"Kab. Bangka Tengah, Bangka Belitung",Jenjang Pendidikan SMK,0
8205,"Kab. halmahera Utara, Maluku Utara",Jenjang Pendidikan SMK,0
7325,"Kab. Luwu Timur, Sulawesi Selatan",Jenjang Pendidikan SMK,0
1374,"Kota Padang Panjang, Sumatera Barat",Jenjang Pendidikan SMK,0
6213,"Kab. Murung Raya, Kalimantan Tengah",Jenjang Pendidikan SMK,0
7210,"Kab. Sigi, Sulawesi Tengah",Jenjang Pendidikan SMK,0
9414,"Kab. Mappi, Papua",Jenjang Pendidikan SMK,0
7172,"Kota Bitung, Sulawesi Utara",Jenjang Pendidikan SMK,0
1172,"Kota Sabang, Aceh",Jenjang Pendidikan SMK,0
1871,"Kota Bandar Lampung, Lampung",Jenjang Pendidikan SMK,0.1215
2171,"Kota Batam, Kepulauan Riau",Jenjang Pendidikan SMK,0.1441
3311,"Kab. Sukoharjo, Jawa Tengah",Jenjang Pendidikan SMK,0.1479
3504,"Kab. Tulungagung, Jawa Timur",Jenjang Pendidikan SMK,0.1984
7271,"Kota Palu, Sulawesi Tengah",Jenjang Pendidikan SMK,0.2165
3514,"Kab. Pasuruan, Jawa Timur",Jenjang Pendidikan SMK,0.2591
1275,"Kota Medan, Sumatera Utara",Jenjang Pendidikan SMK,0.3067
1276,"Kota Binjai, Sumatera Utara",Jenjang Pendidikan SMK,0.3096
1207,"Kab. Labuhan Batu, Sumatera Utara",Jenjang Pendidikan SMK,0.3401
1204,"Kab. Tapanuli Tengah, Sumatera Utara",Jenjang Pendidikan SMK,0.4505
3403,"Kab. Gunung Kidul, D.I. Yogyakarta",Jenjang Pendidikan SMK,0.4552
3571,"Kota Kediri, Jawa Timur",Jenjang Pendidikan SMK,0.4651
3505,"Kab. Blitar, Jawa Timur",Jenjang Pendidikan SMK,0.4773
1404,"Kab. Pelalawan, Riau",Jenjang Pendidikan SMK,0.4808
6171,"Kota Pontianak, Kalimantan Barat",Jenjang Pendidikan SMK,0.5025
7404,"Kab. Kolaka, Sulawesi Tenggara",Jenjang Pendidikan SMK,0.5051
1312,"Kab. Pasaman Barat, Sumatera Barat",Jenjang Pendidikan SMK,0.5319
1306,"Kab. Padang Pariaman, Sumatera Barat",Jenjang Pendidikan SMK,0.5319
3376,"Kota Tegal, Jawa Tengah",Jenjang Pendidikan SMK,0.554
1872,"Kota Metro, Lampung",Jenjang Pendidikan SMK,0.5814
5271,"Kota Mataram, Nusa Tenggara Barat",Jenjang Pendidikan SMK,0.6079
1105,"Kab. Aceh Timur, Aceh",Jenjang Pendidikan SMK,0.6289
3401,"Kab. Kulon Progo, D.I. Yogyakarta",Jenjang Pendidikan SMK,0.6438
3277,"Kota Cimahi, Jawa Barat",Jenjang Pendidikan SMK,0.6483
3306,"Kab. Purworejo, Jawa Tengah",Jenjang Pendidikan SMK,0.659
3210,"Kab. Majalengka, Jawa Barat",Jenjang Pendidikan SMK,0.6649
1171,"Kota Banda Aceh, Aceh",Jenjang Pendidikan SMK,0.6993
9404,"Kab. Nabire, Papua",Jenjang Pendidikan SMK,0.7042
3503,"Kab. Trenggalek, Jawa Timur",Jenjang Pendidikan SMK,0.7126
1672,"Kota Prabumulih, Sumatera Selatan",Jenjang Pendidikan SMK,0.7246
3204,"Kab. Bandung, Jawa Barat",Jenjang Pendidikan SMK,0.7324
3471,"Kota Yogyakarta, D.I. Yogyakarta",Jenjang Pendidikan SMK,0.7533
1810,"Kab. Pringsewu, Lampung",Jenjang Pendidikan SMK,0.7772
7171,"Kota Manado, Sulawesi Utara",Jenjang Pendidikan SMK,0.7905
3502,"Kab. Ponorogo, Jawa Timur",Jenjang Pendidikan SMK,0.7968
3304,"Kab. Banjarnegara, Jawa Tengah",Jenjang Pendidikan SMK,0.8
3577,"Kota Madiun, Jawa Timur",Jenjang Pendidikan SMK,0.8
3175,"Kota Jakarta Utara, D.K.I. Jakarta",Jenjang Pendidikan SMK,0.8114
3308,"Kab. Magelang, Jawa Tengah",Jenjang Pendidikan SMK,0.8117
6371,"Kota Banjarmasin, Kalimantan Selatan",Jenjang Pendidikan SMK,0.8242
3508,"Kab. Lumajang, Jawa Timur",Jenjang Pendidikan SMK,0.8386
3322,"Kab. Semarang, Jawa Tengah",Jenjang Pendidikan SMK,0.8418
3372,"Kota Surakarta, Jawa Tengah",Jenjang Pendidikan SMK,0.8589
7504,"Kab. Bone Bolango, Gorontalo",Jenjang Pendidikan SMK,0.8621
1213,"Kab. Langkat, Sumatera Utara",Jenjang Pendidikan SMK,0.8772
5301,"Kab. Sumba Barat, Nusa Tenggara Timur",Jenjang Pendidikan SMK,0.9091
6571,"Kota Tarakan, Kalimantan Utara",Jenjang Pendidikan SMK,0.9174
3519,"Kab. Madiun, Jawa Timur",Jenjang Pendidikan SMK,0.9281
5204,"Kab. Sumbawa, Nusa Tenggara Barat",Jenjang Pendidikan SMK,0.9346
3578,"Kota Surabaya, Jawa Timur",Jenjang Pendidikan SMK,0.961
7371,"Kota Makassar, Sulawesi Selatan",Jenjang Pendidikan SMK,0.9804
3174,"Kota Jakarta Barat, D.K.I. Jakarta",Jenjang Pendidikan SMK,0.9929
7311,"Kab. Bone, Sulawesi Selatan",Jenjang Pendidikan SMK,1.0256
7301,"Kab. Kepulauan Selayar, Sulawesi Selatan",Jenjang Pendidikan SMK,1.0417
7105,"Kab. Minahasa Selatan, Sulawesi Utara",Jenjang Pendidikan SMK,1.0753
1671,"Kota Palembang, Sumatera Selatan",Jenjang Pendidikan SMK,1.0753
1408,"Kab. Bengkalis, Riau",Jenjang Pendidikan SMK,1.0949
7604,"Kab. Mamuju, Sulawesi Barat",Jenjang Pendidikan SMK,1.1111
5308,"Kab. Lembata, Nusa Tenggara Timur",Jenjang Pendidikan SMK,1.1236
7411,"Kab. Kolaka Timur, Sulawesi Tenggara",Jenjang Pendidikan SMK,1.1236
5106,"Kab. Bangli, Bali",Jenjang Pendidikan SMK,1.1299
3371,"Kota Magelang, Jawa Tengah",Jenjang Pendidikan SMK,1.1494
6504,"Kab. Nunukan, Kalimantan Utara",Jenjang Pendidikan SMK,1.1628
3513,"Kab. Probolinggo, Jawa Timur",Jenjang Pendidikan SMK,1.173
7309,"Kab. Pangkajene Kepulauan, Sulawesi Selatan",Jenjang Pendidikan SMK,1.1834
3171,"Kota Jakarta Selatan, D.K.I. Jakarta",Jenjang Pendidikan SMK,1.1851
3278,"Kota Tasikmalaya, Jawa Barat",Jenjang Pendidikan SMK,1.1976
7204,"Kab. Poso, Sulawesi Tengah",Jenjang Pendidikan SMK,1.2048
6107,"Kab. Sintang, Kalimantan Barat",Jenjang Pendidikan SMK,1.2195
3313,"Kab. Karanganyar, Jawa Tengah",Jenjang Pendidikan SMK,1.2456
3320,"Kab. Jepara, Jawa Tengah",Jenjang Pendidikan SMK,1.2461
1812,"Kab. Tulang Bawang Barat, Lampung",Jenjang Pendidikan SMK,1.2739
3507,"Kab. Malang, Jawa Timur",Jenjang Pendidikan SMK,1.3076
1471,"Kota Pekanbaru, Riau",Jenjang Pendidikan SMK,1.3158
7104,"Kab. Kepulauan Talaud, Sulawesi Utara",Jenjang Pendidikan SMK,1.3158
1503,"Kab. Sarolangun, Jambi",Jenjang Pendidikan SMK,1.3216
7109,"Kab. Minahasa Tenggara, Sulawesi Utara",Jenjang Pendidikan SMK,1.3333
3515,"Kab. Sidoarjo, Jawa Timur",Jenjang Pendidikan SMK,1.3711
1402,"Kab. Indragiri Hulu, Riau",Jenjang Pendidikan SMK,1.3825
1705,"Kab. Seluma, Bengkulu",Jenjang Pendidikan SMK,1.3889
5371,"Kota Kupang, Nusa Tenggara Timur",Jenjang Pendidikan SMK,1.3937
1707,"Kab. Lebong, Bengkulu",Jenjang Pendidikan SMK,1.4085
1205,"Kab. Tapanuli Utara, Sumatera Utara",Jenjang Pendidikan SMK,1.4134
7315,"Kab. Pinrang, Sulawesi Selatan",Jenjang Pendidikan SMK,1.4184
3516,"Kab. Mojokerto, Jawa Timur",Jenjang Pendidikan SMK,1.4225
7173,"Kota Tomohon, Sulawesi Utara",Jenjang Pendidikan SMK,1.4388
3573,"Kota Malang, Jawa Timur",Jenjang Pendidikan SMK,1.4607
1173,"Kota Langsa, Aceh",Jenjang Pendidikan SMK,1.4815
1273,"Kota Pematangsiantar, Sumatera Utara",Jenjang Pendidikan SMK,1.5086
3326,"Kab. Pekalongan, Jawa Tengah",Jenjang Pendidikan SMK,1.5209
6472,"Kota Samarinda, Kalimantan Timur",Jenjang Pendidikan SMK,1.5235
5307,"Kab. Alor, Nusa Tenggara Timur",Jenjang Pendidikan SMK,1.5385
3525,"Kab. Gresik, Jawa Timur",Jenjang Pendidikan SMK,1.5707
7373,"Kota Palopo, Sulawesi Selatan",Jenjang Pendidikan SMK,1.5936
3173,"Kota Jakarta Pusat, D.K.I. Jakarta",Jenjang Pendidikan SMK,1.601
1502,"Kab. Merangin, Jambi",Jenjang Pendidikan SMK,1.6043
8107,"Kab. Seram Bagian Timur, Maluku",Jenjang Pendidikan SMK,1.6129
1302,"Kab. Pesisir Selatan, Sumatera Barat",Jenjang Pendidikan SMK,1.6129
1405,"Kab. Siak, Riau",Jenjang Pendidikan SMK,1.6129
3574,"Kota Probolinggo, Jawa Timur",Jenjang Pendidikan SMK,1.6461
3272,"Kota Sukabumi, Jawa Barat",Jenjang Pendidikan SMK,1.6706
3271,"Kota Bogor, Jawa Barat",Jenjang Pendidikan SMK,1.6935
7503,"Kab. Pohuwato, Gorontalo",Jenjang Pendidikan SMK,1.6949
3402,"Kab. Bantul, D.I. Yogyakarta",Jenjang Pendidikan SMK,1.7054
6105,"Kab. Sanggau, Kalimantan Barat",Jenjang Pendidikan SMK,1.7341
3325,"Kab. Batang, Jawa Tengah",Jenjang Pendidikan SMK,1.7493
7471,"Kota Kendari, Sulawesi Tenggara",Jenjang Pendidikan SMK,1.7544
1112,"Kab. Aceh Barat Daya, Aceh",Jenjang Pendidikan SMK,1.7544
3307,"Kab. Wonosobo, Jawa Tengah",Jenjang Pendidikan SMK,1.766
7326,"Kab. Toraja Utara, Sulawesi Selatan",Jenjang Pendidikan SMK,1.7751
1375,"Kota Bukittinggi, Sumatera Barat",Jenjang Pendidikan SMK,1.7751
1206,"Kab. Toba Samosir, Sumatera Utara",Jenjang Pendidikan SMK,1.8018
3312,"Kab. Wonogiri, Jawa Tengah",Jenjang Pendidikan SMK,1.8156
3324,"Kab. Kendal, Jawa Tengah",Jenjang Pendidikan SMK,1.8209
3206,"Kab. Tasikmalaya, Jawa Barat",Jenjang Pendidikan SMK,1.882
7308,"Kab. Maros, Sulawesi Selatan",Jenjang Pendidikan SMK,1.8868
1508,"Kab. Tebo, Jambi",Jenjang Pendidikan SMK,1.8987
6404,"Kab. Kutai Timur, Kalimantan Timur",Jenjang Pendidikan SMK,1.9011
1604,"Kab. Lahat, Sumatera Selatan",Jenjang Pendidikan SMK,1.9108
3303,"Kab. Purbalingga, Jawa Tengah",Jenjang Pendidikan SMK,1.9435
3310,"Kab. Klaten, Jawa Tengah",Jenjang Pendidikan SMK,1.9854
6403,"Kab. Kutai Kartanegara, Kalimantan Timur",Jenjang Pendidikan SMK,1.9868
3576,"Kota Mojokerto, Jawa Timur",Jenjang Pendidikan SMK,1.99
3517,"Kab. Jombang, Jawa Timur",Jenjang Pendidikan SMK,2.0047
3316,"Kab. Blora, Jawa Tengah",Jenjang Pendidikan SMK,2.026
6106,"Kab. Ketapang, Kalimantan Barat",Jenjang Pendidikan SMK,2.0305
7318,"Kab. Tana Toraja, Sulawesi Selatan",Jenjang Pendidikan SMK,2.0339
1507,"Kab. Tanjung Jabung Barat, Jambi",Jenjang Pendidikan SMK,2.0408
6112,"Kab. Kuburaya, Kalimantan Barat",Jenjang Pendidikan SMK,2.0408
7307,"Kab. Sinjai, Sulawesi Selatan",Jenjang Pendidikan SMK,2.1053
3375,"Kota Pekalongan, Jawa Tengah",Jenjang Pendidikan SMK,2.1277
7302,"Kab. Bulukumba, Sulawesi Selatan",Jenjang Pendidikan SMK,2.1622
3305,"Kab. Kebumen, Jawa Tengah",Jenjang Pendidikan SMK,2.1719
1107,"Kab. Aceh Barat, Aceh",Jenjang Pendidikan SMK,2.1739
1804,"Kab. Lampung Timur, Lampung",Jenjang Pendidikan SMK,2.1858
3512,"Kab. Situbondo, Jawa Timur",Jenjang Pendidikan SMK,2.1978
3301,"Kab. Cilacap, Jawa Tengah",Jenjang Pendidikan SMK,2.2013
7107,"Kab. Bolaang Mongondow Utara, Sulawesi Utara",Jenjang Pendidikan SMK,2.2222
7501,"Kab. Boalemo, Gorontalo",Jenjang Pendidikan SMK,2.2388
3273,"Kota Bandung, Jawa Barat",Jenjang Pendidikan SMK,2.2761
3275,"Kota Bekasi, Jawa Barat",Jenjang Pendidikan SMK,2.2972
3208,"Kab. Kuningan, Jawa Barat",Jenjang Pendidikan SMK,2.3316
1114,"Kab. Aceh Tamiang, Aceh",Jenjang Pendidikan SMK,2.3438
1501,"Kab. Kerinci, Jambi",Jenjang Pendidikan SMK,2.3529
1274,"Kota Tebing Tinggi, Sumatera Utara",Jenjang Pendidikan SMK,2.3529
3209,"Kab. Cirebon, Jawa Barat",Jenjang Pendidikan SMK,2.3591
6209,"Kab. Katingan, Kalimantan Tengah",Jenjang Pendidikan SMK,2.4691
3309,"Kab. Boyolali, Jawa Tengah",Jenjang Pendidikan SMK,2.4883
7601,"Kab. Majene, Sulawesi Barat",Jenjang Pendidikan SMK,2.5253
1809,"Kab. Pesawaran, Lampung",Jenjang Pendidikan SMK,2.5316
3172,"Kota Jakarta Timur, D.K.I. Jakarta",Jenjang Pendidikan SMK,2.5586
7322,"Kab. Luwu Utara, Sulawesi Selatan",Jenjang Pendidikan SMK,2.5641
3602,"Kab. Lebak, Banten",Jenjang Pendidikan SMK,2.5783
7206,"Kab. Tolitoli, Sulawesi Tengah",Jenjang Pendidikan SMK,2.6316
3374,"Kota Semarang, Jawa Tengah",Jenjang Pendidikan SMK,2.6359
6103,"Kab. Landak, Kalimantan Barat",Jenjang Pendidikan SMK,2.6786
9413,"Kab. Boven Digoel, Papua",Jenjang Pendidikan SMK,2.7027
6405,"Kab. Berau, Kalimantan Timur",Jenjang Pendidikan SMK,2.7211
6401,"Kab. Paser, Kalimantan Timur",Jenjang Pendidikan SMK,2.7211
1802,"Kab. Tanggamus, Lampung",Jenjang Pendidikan SMK,2.765
1609,"Kab. Ogan Komering Ulu Timur, Sumatera Selatan",Jenjang Pendidikan SMK,2.7855
7402,"Kab. Muna, Sulawesi Tenggara",Jenjang Pendidikan SMK,2.7933
5302,"Kab. Sumba Timur, Nusa Tenggara Timur",Jenjang Pendidikan SMK,2.8302
1903,"Kab. Bangka Barat, Bangka Belitung",Jenjang Pendidikan SMK,2.8846
7111,"Kab. Bolaang Mongondow Timur, Sulawesi Utara",Jenjang Pendidikan SMK,2.8986
3203,"Kab. Cianjur, Jawa Barat",Jenjang Pendidikan SMK,2.8994
1219,"Kab. Batubara, Sumatera Utara",Jenjang Pendidikan SMK,2.9046
1308,"Kab. Lima Puluh Koto, Sumatera Barat",Jenjang Pendidikan SMK,2.9412
7502,"Kab. Gorontalo, Gorontalo",Jenjang Pendidikan SMK,2.96745
7401,"Kab. Buton, Sulawesi Tenggara",Jenjang Pendidikan SMK,2.9851
7415,"Kab. Buton Selatan, Sulawesi Tenggara",Jenjang Pendidikan SMK,3.0303
1505,"Kab. Muaro Jambi, Jambi",Jenjang Pendidikan SMK,3.0457
7203,"Kab. Morowali, Sulawesi Tengah",Jenjang Pendidikan SMK,3.0612
5305,"Kab. Timor Tengah Utara, Nusa Tenggara Timur",Jenjang Pendidikan SMK,3.125
3510,"Kab. Banyuwangi, Jawa Timur",Jenjang Pendidikan SMK,3.1373
1805,"Kab. Lampung Tengah, Lampung",Jenjang Pendidikan SMK,3.1457
3315,"Kab. Grobogan, Jawa Tengah",Jenjang Pendidikan SMK,3.1519
3215,"Kab. Karawang, Jawa Barat",Jenjang Pendidikan SMK,3.1938
3328,"Kab. Tegal, Jawa Tengah",Jenjang Pendidikan SMK,3.1987
3506,"Kab. Kediri, Jawa Timur",Jenjang Pendidikan SMK,3.212
5203,"Kab. Lombok Timur, Nusa Tenggara Barat",Jenjang Pendidikan SMK,3.2197
8208,"Kab. Pulau Taliabu, Maluku Utara",Jenjang Pendidikan SMK,3.2258
1101,"Kab. Simeulue, Aceh",Jenjang Pendidikan SMK,3.2258
3302,"Kab. Banyumas, Jawa Tengah",Jenjang Pendidikan SMK,3.2453
7209,"Kab. Tojo Una-Una, Sulawesi Tengah",Jenjang Pendidikan SMK,3.2609
1110,"Kab. Bireuen, Aceh",Jenjang Pendidikan SMK,3.2895
1212,"Kab. Deli Serdang, Sumatera Utara",Jenjang Pendidikan SMK,3.2904
3314,"Kab. Sragen, Jawa Tengah",Jenjang Pendidikan SMK,3.2979
3673,"Kota Serang, Banten",Jenjang Pendidikan SMK,3.3101
7602,"Kab. Polewali Mandar, Sulawesi Barat",Jenjang Pendidikan SMK,3.3233
1504,"Kab. Batang Hari, Jambi",Jenjang Pendidikan SMK,3.3613
2104,"Kab. Lingga, Kepulauan Riau",Jenjang Pendidikan SMK,3.4483
5312,"Kab. Ngada, Nusa Tenggara Timur",Jenjang Pendidikan SMK,3.4783
7174,"Kota Kotamobagu, Sulawesi Utara",Jenjang Pendidikan SMK,3.4826
3218,"Kab. Pangandaran, Jawa Barat",Jenjang Pendidikan SMK,3.4934
6501,"Kab. Malinau, Kalimantan Utara",Jenjang Pendidikan SMK,3.5714
1401,"Kab. Kuantan Singingi, Riau",Jenjang Pendidikan SMK,3.5897
3671,"Kota Tangerang, Banten",Jenjang Pendidikan SMK,3.6086
3211,"Kab. Sumedang, Jawa Barat",Jenjang Pendidikan SMK,3.6173
5306,"Kab. Belu, Nusa Tenggara Timur",Jenjang Pendidikan SMK,3.6496
7201,"Kab. Banggai Kepulauan, Sulawesi Tengah",Jenjang Pendidikan SMK,3.6585
3216,"Kab. Bekasi, Jawa Barat",Jenjang Pendidikan SMK,3.6757
1202,"Kab. Mandailing Natal, Sumatera Utara",Jenjang Pendidikan SMK,3.719
6202,"Kab. Kotawaringin Timur, Kalimantan Tengah",Jenjang Pendidikan SMK,3.7344
3212,"Kab. Indramayu, Jawa Barat",Jenjang Pendidikan SMK,3.7483
7317,"Kab. Luwu, Sulawesi Selatan",Jenjang Pendidikan SMK,3.7975
3276,"Kota Depok, Jawa Barat",Jenjang Pendidikan SMK,3.804
1811,"Kab. Mesuji, Lampung",Jenjang Pendidikan SMK,3.8462
3521,"Kab. Ngawi, Jawa Timur",Jenjang Pendidikan SMK,3.9024
1218,"Kab. Serdang Bedagai, Sumatera Utara",Jenjang Pendidikan SMK,4.01
3318,"Kab. Pati, Jawa Tengah",Jenjang Pendidikan SMK,4.0222
1201,"Kab. Nias, Sumatera Utara",Jenjang Pendidikan SMK,4.0541
3603,"Kab. Tangerang, Banten",Jenjang Pendidikan SMK,4.1336
1208,"Kab. Asahan, Sumatera Utara",Jenjang Pendidikan SMK,4.1485
7409,"Kab. Buton Utara, Sulawesi Tenggara",Jenjang Pendidikan SMK,4.1667
1610,"Kab. Ogan Ilir, Sumatera Selatan",Jenjang Pendidikan SMK,4.2373
7306,"Kab. Gowa, Sulawesi Selatan",Jenjang Pendidikan SMK,4.2373
3213,"Kab. Subang, Jawa Barat",Jenjang Pendidikan SMK,4.2534
3518,"Kab. Nganjuk, Jawa Timur",Jenjang Pendidikan SMK,4.2647
3205,"Kab. Garut, Jawa Barat",Jenjang Pendidikan SMK,4.3508
3327,"Kab. Pemalang, Jawa Tengah",Jenjang Pendidikan SMK,4.3902
5206,"Kab. Bima, Nusa Tenggara Barat",Jenjang Pendidikan SMK,4.3956
1106,"Kab. Aceh Tengah, Aceh",Jenjang Pendidikan SMK,4.3956
3526,"Kab. Bangkalan, Jawa Timur",Jenjang Pendidikan SMK,4.3956
5318,"Kab. Nagakeo, Nusa Tenggara Timur",Jenjang Pendidikan SMK,4.3956
6310,"Kab. Tanah Bumbu, Kalimantan Selatan",Jenjang Pendidikan SMK,4.4118
3274,"Kota Cirebon, Jawa Barat",Jenjang Pendidikan SMK,4.4503
7103,"Kab. Kep. Sangihe, Sulawesi Utara",Jenjang Pendidikan SMK,4.4776
3501,"Kab. Pacitan, Jawa Timur",Jenjang Pendidikan SMK,4.5045
3601,"Kab. Pandeglang, Banten",Jenjang Pendidikan SMK,4.5918
1209,"Kab. Simalungun, Sumatera Utara",Jenjang Pendidikan SMK,4.6
3509,"Kab. Jember, Jawa Timur",Jenjang Pendidikan SMK,4.699
3217,"Kab. Bandung Barat, Jawa Barat",Jenjang Pendidikan SMK,4.7004
6309,"Kab. Tabalong, Kalimantan Selatan",Jenjang Pendidikan SMK,4.7059
3672,"Kota Cilegon, Banten",Jenjang Pendidikan SMK,4.7619
3319,"Kab. Kudus, Jawa Tengah",Jenjang Pendidikan SMK,4.8214
7211,"Kab. Banggai Laut, Sulawesi Tengah",Jenjang Pendidikan SMK,4.8387
1406,"Kab. Kampar, Riau",Jenjang Pendidikan SMK,4.8507
3575,"Kota Pasuruan, Jawa Timur",Jenjang Pendidikan SMK,4.8544
1104,"Kab. Aceh Tenggara, Aceh",Jenjang Pendidikan SMK,4.878
6102,"Kab. Bengkayang, Kalimantan Barat",Jenjang Pendidikan SMK,4.878
3329,"Kab. Brebes, Jawa Tengah",Jenjang Pendidikan SMK,4.89
8106,"Kab. Seram Bagian Barat, Maluku",Jenjang Pendidikan SMK,4.9505
1572,"Kota Sungai Penuh, Jambi",Jenjang Pendidikan SMK,5
8101,"Kab. Maluku Tenggara Barat, Maluku",Jenjang Pendidikan SMK,5
5314,"Kab. Rote-Ndao, Nusa Tenggara Timur",Jenjang Pendidikan SMK,5.0847
3202,"Kab. Sukabumi, Jawa Barat",Jenjang Pendidikan SMK,5.2136
5313,"Kab. Manggarai, Nusa Tenggara Timur",Jenjang Pendidikan SMK,5.2632
1407,"Kab. Rokan Hulu, Riau",Jenjang Pendidikan SMK,5.2786
1409,"Kab. Rokan Hilir, Riau",Jenjang Pendidikan SMK,5.2817
1608,"Kab. Ogan Komering Ulu Selatan, Sumatera Selatan",Jenjang Pendidikan SMK,5.3191
3520,"Kab. Magetan, Jawa Timur",Jenjang Pendidikan SMK,5.3571
3404,"Kab. Sleman, D.I. Yogyakarta",Jenjang Pendidikan SMK,5.3776
6110,"Kab. Melawi, Kalimantan Barat",Jenjang Pendidikan SMK,5.5046
3201,"Kab. Bogor, Jawa Barat",Jenjang Pendidikan SMK,5.6243
7403,"Kab. Konawe, Sulawesi Tenggara",Jenjang Pendidikan SMK,5.7143
1901,"Kab. Bangka, Bangka Belitung",Jenjang Pendidikan SMK,5.7325
1803,"Kab. Lampung Selatan, Lampung",Jenjang Pendidikan SMK,5.7471
6303,"Kota Banjar, Jawa Barat",Jenjang Pendidikan SMK,5.8994
1807,"Kab. Way Kanan, Lampung",Jenjang Pendidikan SMK,5.9633
3572,"Kota Blitar, Jawa Timur",Jenjang Pendidikan SMK,6.0071
1111,"Kab. Aceh Utara, Aceh",Jenjang Pendidikan SMK,6.0465
7405,"Kab. Konawe Selatan, Sulawesi Tenggara",Jenjang Pendidikan SMK,6.1224
3528,"Kab. Pamekasan, Jawa Timur",Jenjang Pendidikan SMK,6.2762
1222,"Kab. Labuhan Batu Selatan, Sumatera Utara",Jenjang Pendidikan SMK,6.2893
8104,"Kab. Buru, Maluku",Jenjang Pendidikan SMK,6.3291
1806,"Kab. Lampung Utara, Lampung",Jenjang Pendidikan SMK,6.4286
8207,"Kab. Kepulauan Morotai, Maluku Utara",Jenjang Pendidikan SMK,6.4516
5319,"Kab. Manggarai Timur, Nusa Tenggara Timur",Jenjang Pendidikan SMK,6.4935
7108,"Kab. Kepulauan Sitaro, Sulawesi Utara",Jenjang Pendidikan SMK,6.4935
5303,"Kab. Kupang, Nusa Tenggara Timur",Jenjang Pendidikan SMK,6.5693
7414,"Kab. Buton Tengah, Sulawesi Tenggara",Jenjang Pendidikan SMK,6.6667
3522,"Kab. Bojonegoro, Jawa Timur",Jenjang Pendidikan SMK,6.7039
3604,"Kab. Serang, Banten",Jenjang Pendidikan SMK,6.7083
1108,"Kab. Aceh Besar, Aceh",Jenjang Pendidikan SMK,6.7114
6208,"Kab. Seruyan, Kalimantan Tengah",Jenjang Pendidikan SMK,6.7568
1215,"Kab. Humbang Hasudutan, Sumatera Utara",Jenjang Pendidikan SMK,6.7708
3321,"Kab. Demak, Jawa Tengah",Jenjang Pendidikan SMK,6.7857
1277,"Kota Padang Sidimpuan, Sumatera Utara",Jenjang Pendidikan SMK,6.8
1703,"Kab. Bengkulu Utara, Bengkulu",Jenjang Pendidikan SMK,6.9364
3527,"Kab. Sampang, Jawa Timur",Jenjang Pendidikan SMK,6.9486
7202,"Kab. Banggai, Sulawesi Tengah",Jenjang Pendidikan SMK,7.1111
1571,"Kota Jambi, Jambi",Jenjang Pendidikan SMK,7.1161
5208,"Kab. Lombok Utara, Nusa Tenggara Barat",Jenjang Pendidikan SMK,7.1429
1605,"Kab. Musi Rawas, Sumatera Selatan",Jenjang Pendidikan SMK,7.1429
5309,"Kab. Flores Timur, Nusa Tenggara Timur",Jenjang Pendidikan SMK,7.1429
8204,"Kab. Halmahera Selatan, Maluku Utara",Jenjang Pendidikan SMK,7.2289
7312,"Kab. Soppeng, Sulawesi Selatan",Jenjang Pendidikan SMK,7.3684
7207,"Kab. Buol, Sulawesi Tengah",Jenjang Pendidikan SMK,7.5188
1211,"Kab. Karo, Sumatera Utara",Jenjang Pendidikan SMK,7.5676
1808,"Kab. Tulang Bawang, Lampung",Jenjang Pendidikan SMK,7.6271
9101,"Kab. Fak-Fak, Papua Barat",Jenjang Pendidikan SMK,7.6923
8109,"Kab. Buru Selatan, Maluku",Jenjang Pendidikan SMK,7.6923
1506,"Kab. Tanjung Jabung Timur, Jambi",Jenjang Pendidikan SMK,7.7922
1509,"Kab. Bungo, Jambi",Jenjang Pendidikan SMK,7.9602
5207,"Kab. Sumbawa Barat, Nusa Tenggara Barat",Jenjang Pendidikan SMK,8
7106,"Kab. Minahasa Utara, Sulawesi Utara",Jenjang Pendidikan SMK,8.0247
3524,"Kab. Lamongan, Jawa Timur",Jenjang Pendidikan SMK,8.0605
7606,"Kab. Mamuju Tengah, Sulawesi Barat",Jenjang Pendidikan SMK,8.1081
1175,"Kota Subulussalam, Aceh",Jenjang Pendidikan SMK,8.1967
8102,"Kab. Maluku Tenggara, Maluku",Jenjang Pendidikan SMK,8.2192
3529,"Kab. Sumenep, Jawa Timur",Jenjang Pendidikan SMK,8.2927
5310,"Kab. Sikka, Nusa Tenggara Timur",Jenjang Pendidikan SMK,8.3019
3101,"Kab. Kepulauan Seribu, D.K.I. Jakarta",Jenjang Pendidikan SMK,8.3333
7413,"Kab. Muna Barat, Sulawesi Tenggara",Jenjang Pendidikan SMK,8.3333
5321,"Kab. Malaka, Nusa Tenggara Timur",Jenjang Pendidikan SMK,8.3333
7304,"Kab. Jeneponto, Sulawesi Selatan",Jenjang Pendidikan SMK,8.377
3207,"Kab. Ciamis, Jawa Barat",Jenjang Pendidikan SMK,8.4548
6301,"Kab. Tanah Laut, Kalimantan Selatan",Jenjang Pendidikan SMK,8.5938
7212,"Kab. Morowali Utara, Sulawesi Tengah",Jenjang Pendidikan SMK,8.6957
5311,"Kab. Ende, Nusa Tenggara Timur",Jenjang Pendidikan SMK,8.6957
3674,"Kota Tangerang Selatan, Banten",Jenjang Pendidikan SMK,8.6957
1673,"Kota Pagar Alam, Sumatera Selatan",Jenjang Pendidikan SMK,8.6957
1611,"Kab. Empat Lawang, Sumatera Selatan",Jenjang Pendidikan SMK,8.7719
8201,"Kab. Halmahera Barat, Maluku Utara",Jenjang Pendidikan SMK,8.7912
1607,"Kab. Banyuasin, Sumatera Selatan",Jenjang Pendidikan SMK,8.8608
1278,"Kota Gunungsitoli, Sumatera Utara",Jenjang Pendidikan SMK,8.9744
9171,"Kota Sorong, Papua Barat",Jenjang Pendidikan SMK,8.9888
5317,"Kab. Sumba Barat Daya, Nusa Tenggara Timur",Jenjang Pendidikan SMK,9.0909
6210,"Kab. Pulang Pisau, Kalimantan Tengah",Jenjang Pendidikan SMK,9.0909
3214,"Kab. Purwakarta, Jawa Barat",Jenjang Pendidikan SMK,9.2803
1801,"Kab. Lampung Barat, Lampung",Jenjang Pendidikan SMK,9.2857
1223,"Kab. Labuhan Batu Utara, Sumatera Utara",Jenjang Pendidikan SMK,9.3333
9401,"Kab. Merauke, Papua",Jenjang Pendidikan SMK,9.8446
7208,"Kab. Parigi Moutong, Sulawesi Tengah",Jenjang Pendidikan SMK,10
8103,"Kab. Maluku Tengah, Maluku",Jenjang Pendidikan SMK,10.1449
1220,"Kab. Padang Lawas utara, Sumatera Utara",Jenjang Pendidikan SMK,10.4651
3511,"Kab. Bondowoso, Jawa Timur",Jenjang Pendidikan SMK,10.7769
7313,"Kab. Wajo, Sulawesi Selatan",Jenjang Pendidikan SMK,11.1842
1403,"Kab. Indragiri Hilir, Riau",Jenjang Pendidikan SMK,11.5578
5304,"Kab. Timor Tengah Selatan, Nusa Tenggara Timur",Jenjang Pendidikan SMK,12.3077
1224,"Kab. Nias Utara, Sumatera Utara",Jenjang Pendidikan SMK,12.6374
5202,"Kab. Lombok Tengah, Nusa Tenggara Barat",Jenjang Pendidikan SMK,13.9205
9434,"Kab. Dogiyai, Papua",Jenjang Pendidikan SMK,14.2857
7603,"Kab. Mamasa, Sulawesi Barat",Jenjang Pendidikan SMK,14.3478
8108,"Kab. Maluku Barat Daya, Maluku",Jenjang Pendidikan SMK,14.8936
8202,"Kab. Halmahera Tengah, Maluku Utara",Jenjang Pendidikan SMK,15.1515
9409,"Kab. Biak Numfor, Papua",Jenjang Pendidikan SMK,16.8539
5315,"Kab. Manggarai Barat, Nusa Tenggara Timur",Jenjang Pendidikan SMK,17.6
1214,"Kab. Nias Selatan, Sumatera Utara",Jenjang Pendidikan SMK,21.1838
9436,"Kab. Deiyai, Papua",Jenjang Pendidikan SMK,24
9106,"Kab. Sorong Selatan, Papua Barat",Jenjang Pendidikan SMK,25
6305,"Kab. Tapin, Kalimantan Selatan",Jenjang Pendidikan SMK,31.25
1225,"Kab. Nias Barat, Sumatera Utara",Jenjang Pendidikan SMK,33.6449
9410,"Kab. Paniai, Papua",Jenjang Pendidikan SMK,37.2093
1410,"Kab. Kepulauan Meranti, Riau",Jenjang Pendidikan SMK,49.3671
9433,"kab. Puncak, Papua",Jenjang Pendidikan SMK,50
1118,"Kab. Pidie Jaya, Aceh",Jenjang Pendidikan SMK,53.4483
9103,"Kab. Teluk Wondama, Papua Barat",Jenjang Pendidikan SMK,56.25
9430,"Kab. Lanny Jaya, Papua",Jenjang Pendidikan SMK,83.3333
9431,"Kab. Membramo Tengah, Papua",Jenjang Pendidikan SMK,0
6503,"Kab. Tana Tidung, Kalimantan Utara",Jenjang Pendidikan SMK,0
9428,"Kab. Memberamo Raya, Papua",Jenjang Pendidikan SMK,0
9435,"Kab. Intan Jaya, Papua",Jenjang Pendidikan SMK,0